{
    "es": {
      "grid": {
        "EmptyRecord": "No hay registros que mostrar",
        "True": "cierto",
        "False": "falso",
        "InvalidFilterMessage": "Datos de filtro no válidos",
        "GroupDropArea": "Arrastre el encabezado de una columna aquí para agrupar su columna",
        "UnGroup": "Haga clic aquí para desagrupar",
        "GroupDisable": "La agrupación está deshabilitada para esta columna",
        "FilterbarTitle": "celda de barra de filtro",
        "EmptyDataSourceError": "DataSource no debe estar vacío en la carga inicial ya que las columnas se generan a partir de dataSource en AutoGenerate Column Grid",
        "Add": "Añadir",
        "Edit": "Editar",
        "Cancel": "Cancelar",
        "Update": "Actualizar",
        "Delete": "Eliminar",
        "Print": "Impresión",
        "Pdfexport": "Exportar PDF",
        "Excelexport": "Exportación Excel",
        "Wordexport": "Exportación de palabras",
        "Csvexport": "Exportación CSV",
        "Search": "Buscar",
        "Columnchooser": "Columnas",
        "Save": "Guardar",
        "Item": "articulo",
        "Items": "artículos",
        "EditOperationAlert": "No hay registros seleccionados para la operación de edición",
        "DeleteOperationAlert": "No hay registros seleccionados para la operación de eliminación",
        "SaveButton": "Guardar",
        "OKButton": "Okay",
        "CancelButton": "Cancelar",
        "EditFormTitle": "Detalles de",
        "AddFormTitle": "Añadir nuevo récord",
        "BatchSaveConfirm": "¿Seguro que quieres guardar los cambios?",
        "BatchSaveLostChanges": "Los cambios no guardados se perderán. Estás seguro de que quieres continuar?",
        "ConfirmDelete": "¿Estás seguro de que deseas eliminar el registro?",
        "CancelEdit": "¿Estás seguro de que deseas cancelar los cambios?",
        "ChooseColumns": "Elegir columna",
        "SearchColumns": "columnas de búsqueda",
        "Matchs": "No se encontraron coincidencias",
        "FilterButton": "Filtrar",
        "ClearButton": "Claro",
        "StartsWith": "Comienza con",
        "EndsWith": "Termina con",
        "Contains": "Contiene",
        "Equal": "Igual",
        "NotEqual": "No es igual",
        "LessThan": "Menos que",
        "LessThanOrEqual": "Menor o igual",
        "GreaterThan": "Mas grande que",
        "GreaterThanOrEqual": "Mayor que o igual",
        "ChooseDate": "Elige una fecha",
        "EnterValue": "Ingrese el valor",
        "Copy": "Copiar",
        "Group": "Agrupar por esta columna",
        "Ungroup": "Desagrupar por esta columna",
        "autoFitAll": "Ajuste automático de todas las columnas",
        "autoFit": "Ajustar automáticamente esta columna",
        "Export": "Exportar",
        "FirstPage": "Primera página",
        "LastPage": "Última página",
        "PreviousPage": "Pagina anterior",
        "NextPage": "Siguiente página",
        "SortAscending": "Orden ascendente",
        "SortDescending": "Orden descendiente",
        "EditRecord": "Editar registro",
        "DeleteRecord": "Eliminar el registro",
        "FilterMenu": "Filtrar",
        "SelectAll": "Seleccionar todo",
        "Blanks": "Espacios en blanco",
        "FilterTrue": "Cierto",
        "FilterFalse": "Falso",
        "NoResult": "No se encontraron coincidencias",
        "ClearFilter": "Filtro claro",
        "NumberFilter": "Filtros de número",
        "TextFilter": "Filtros de texto",
        "DateFilter": "Filtros de fecha",
        "DateTimeFilter": "Filtros de fecha y hora",
        "MatchCase": "Caso de coincidencia",
        "Between": "Entre",
        "CustomFilter": "Filtro personalizado",
        "CustomFilterPlaceHolder": "Ingrese el valor",
        "CustomFilterDatePlaceHolder": "Elige una fecha",
        "AND": "Y",
        "OR": "O",
        "ShowRowsWhere": "Mostrar filas donde:",
        "NotStartsWith": "No comienza con",
        "Like": "Como",
        "NotEndsWith": "No termina con",
        "NotContains": "No contiene",
        "IsNull": "Nula",
        "NotNull": "No nula",
        "IsEmpty": "Vacía",
        "IsNotEmpty": "No vacía",
        "AddCurrentSelection": "Agregar selección actual al filtro",
        "UnGroupButton": "Haga clic aquí para desagrupar",
        "AutoFitAll": "Autoajustar todas las columnas",
        "AutoFit": "Autoajustar esta columna",
        "Clear": "Clara",
        "FilterMenuDialogARIA": "Cuadro de diálogo del menú de filtro",
        "ExcelFilterDialogARIA": "Diálogo de filtro de Excel",
        "DialogEditARIA": "Cuadro de diálogo Editar",
        "ColumnChooserDialogARIA": "Selector de columnas",
        "ColumnMenuDialogARIA": "Diálogo de menú de columna",
        "CustomFilterDialogARIA": "Diálogo de filtro personalizado",
        "SortAtoZ": "Ordenar de la A a la Z",
        "SortZtoA": "Ordenar de Z a A",
        "SortByOldest": "Ordenar por más antigua",
        "SortByNewest": "Ordenar por más nueva",
        "SortSmallestToLargest": "Ordenar más pequeña a más grande",
        "SortLargestToSmallest": "Ordenar más grande a más pequeña",
        "Sort": "Clasificar",
        "FilterDescription": "Presione Alt Abajo para abrir el menú de filtro",
        "SortDescription": "Presiona Enter para ordenar",
        "ColumnMenuDescription": "Presiona Alt Abajo para abrir el menú Columna",
        "GroupDescription": "Presione Ctrl espacio para agrupar",
        "ColumnHeader": " encabezado de la columna ",
        "TemplateCell": " es plantilla de celda",
        "CommandColumnAria": "es el encabezado de la columna de la columna Comando ",
        "DialogEdit": "Editar cuadro de diálogo",
        "ClipBoard": "portapapeles",
        "GroupButton": "Botón de grupo",
        "UnGroupAria": "botón de desagrupar",
        "GroupSeperator": "Separador para las columnas agrupadas",
        "UnGroupIcon": "desagrupar la columna agrupada ",
        "GroupedSortIcon": "ordenar la columna agrupada ",
        "GroupedDrag": "Arrastre la columna agrupada",
        "GroupCaption": " es celda de subtítulos de grupo",
        "CheckBoxLabel": "casilla de verificación",
        "Expanded": "Expandida",
        "Collapsed": "Contraída",
        "SelectAllCheckbox": "Seleccionar todo Casilla de verificación",
        "SelectRow": "Seleccionar fila"
      },
      "pager": {
        "currentPageInfo": "{0} de {1} páginas",
        "totalItemsInfo": "({0} artículos)",
        "firstPageTooltip": "Ir a la primera página",
        "lastPageTooltip": "Ir a la última página",
        "nextPageTooltip": "Ir a la página siguiente",
        "previousPageTooltip": "Regresar a la pagina anterior",
        "nextPagerTooltip": "Ir a los siguientes elementos del paginador",
        "previousPagerTooltip": "Ir a elementos anteriores del paginador",
        "pagerDropDown": "Artículos por página",
        "pagerAllDropDown": "Artículos",
        "All": "Todos",
        "totalItemInfo": "({0} artículo)",
        "Container": "Contenedor del paginador",
        "Information": "Información del paginador",
        "ExternalMsg": "Mensaje externo del paginador",
        "Page": "Página ",
        "Of": " de ",
        "Pages": " Paginas"
      }
    }}